image_id,craft_name,path
kolhapuri_000.jpg,kolhapuri,/Users/bhavinikasana/craftguard/data/images/kolhapuri/kolhapuri_000.jpg
kolhapuri_001.jpg,kolhapuri,/Users/bhavinikasana/craftguard/data/images/kolhapuri/kolhapuri_001.jpg
kolhapuri_002.jpg,kolhapuri,/Users/bhavinikasana/craftguard/data/images/kolhapuri/kolhapuri_002.jpg
kolhapuri_003.jpg,kolhapuri,/Users/bhavinikasana/craftguard/data/images/kolhapuri/kolhapuri_003.jpg
kolhapuri_004.jpg,kolhapuri,/Users/bhavinikasana/craftguard/data/images/kolhapuri/kolhapuri_004.jpg
kolhapuri_005.jpg,kolhapuri,/Users/bhavinikasana/craftguard/data/images/kolhapuri/kolhapuri_005.jpg
kolhapuri_006.jpg,kolhapuri,/Users/bhavinikasana/craftguard/data/images/kolhapuri/kolhapuri_006.jpg
kolhapuri_007.jpg,kolhapuri,/Users/bhavinikasana/craftguard/data/images/kolhapuri/kolhapuri_007.jpg
kolhapuri_008.jpg,kolhapuri,/Users/bhavinikasana/craftguard/data/images/kolhapuri/kolhapuri_008.jpg
kolhapuri_009.jpg,kolhapuri,/Users/bhavinikasana/craftguard/data/images/kolhapuri/kolhapuri_009.jpg
kolhapuri_010.jpg,kolhapuri,/Users/bhavinikasana/craftguard/data/images/kolhapuri/kolhapuri_010.jpg
kolhapuri_011.jpg,kolhapuri,/Users/bhavinikasana/craftguard/data/images/kolhapuri/kolhapuri_011.jpg
kolhapuri_012.jpg,kolhapuri,/Users/bhavinikasana/craftguard/data/images/kolhapuri/kolhapuri_012.jpg
kolhapuri_013.jpg,kolhapuri,/Users/bhavinikasana/craftguard/data/images/kolhapuri/kolhapuri_013.jpg
kolhapuri_014.jpg,kolhapuri,/Users/bhavinikasana/craftguard/data/images/kolhapuri/kolhapuri_014.jpg
kolhapuri_015.jpg,kolhapuri,/Users/bhavinikasana/craftguard/data/images/kolhapuri/kolhapuri_015.jpg
kolhapuri_016.jpg,kolhapuri,/Users/bhavinikasana/craftguard/data/images/kolhapuri/kolhapuri_016.jpg
kolhapuri_017.jpg,kolhapuri,/Users/bhavinikasana/craftguard/data/images/kolhapuri/kolhapuri_017.jpg
kolhapuri_018.jpg,kolhapuri,/Users/bhavinikasana/craftguard/data/images/kolhapuri/kolhapuri_018.jpg
kolhapuri_019.jpg,kolhapuri,/Users/bhavinikasana/craftguard/data/images/kolhapuri/kolhapuri_019.jpg
kolhapuri_020.jpg,kolhapuri,/Users/bhavinikasana/craftguard/data/images/kolhapuri/kolhapuri_020.jpg
kolhapuri_021.jpg,kolhapuri,/Users/bhavinikasana/craftguard/data/images/kolhapuri/kolhapuri_021.jpg
kolhapuri_022.jpg,kolhapuri,/Users/bhavinikasana/craftguard/data/images/kolhapuri/kolhapuri_022.jpg
kolhapuri_023.jpg,kolhapuri,/Users/bhavinikasana/craftguard/data/images/kolhapuri/kolhapuri_023.jpg
kolhapuri_024.jpg,kolhapuri,/Users/bhavinikasana/craftguard/data/images/kolhapuri/kolhapuri_024.jpg
kolhapuri_025.jpg,kolhapuri,/Users/bhavinikasana/craftguard/data/images/kolhapuri/kolhapuri_025.jpg
kolhapuri_026.jpg,kolhapuri,/Users/bhavinikasana/craftguard/data/images/kolhapuri/kolhapuri_026.jpg
kolhapuri_027.jpg,kolhapuri,/Users/bhavinikasana/craftguard/data/images/kolhapuri/kolhapuri_027.jpg
kolhapuri_028.jpg,kolhapuri,/Users/bhavinikasana/craftguard/data/images/kolhapuri/kolhapuri_028.jpg
kolhapuri_029.jpg,kolhapuri,/Users/bhavinikasana/craftguard/data/images/kolhapuri/kolhapuri_029.jpg
kolhapuri_030.jpg,kolhapuri,/Users/bhavinikasana/craftguard/data/images/kolhapuri/kolhapuri_030.jpg
kolhapuri_031.jpg,kolhapuri,/Users/bhavinikasana/craftguard/data/images/kolhapuri/kolhapuri_031.jpg
kolhapuri_032.jpg,kolhapuri,/Users/bhavinikasana/craftguard/data/images/kolhapuri/kolhapuri_032.jpg
kolhapuri_033.jpg,kolhapuri,/Users/bhavinikasana/craftguard/data/images/kolhapuri/kolhapuri_033.jpg
kolhapuri_034.jpg,kolhapuri,/Users/bhavinikasana/craftguard/data/images/kolhapuri/kolhapuri_034.jpg
kolhapuri_035.jpg,kolhapuri,/Users/bhavinikasana/craftguard/data/images/kolhapuri/kolhapuri_035.jpg
kolhapuri_036.jpg,kolhapuri,/Users/bhavinikasana/craftguard/data/images/kolhapuri/kolhapuri_036.jpg
kolhapuri_037.jpg,kolhapuri,/Users/bhavinikasana/craftguard/data/images/kolhapuri/kolhapuri_037.jpg
kolhapuri_038.jpg,kolhapuri,/Users/bhavinikasana/craftguard/data/images/kolhapuri/kolhapuri_038.jpg
kolhapuri_039.jpg,kolhapuri,/Users/bhavinikasana/craftguard/data/images/kolhapuri/kolhapuri_039.jpg
kolhapuri_040.jpg,kolhapuri,/Users/bhavinikasana/craftguard/data/images/kolhapuri/kolhapuri_040.jpg
kolhapuri_041.jpg,kolhapuri,/Users/bhavinikasana/craftguard/data/images/kolhapuri/kolhapuri_041.jpg
kolhapuri_042.jpg,kolhapuri,/Users/bhavinikasana/craftguard/data/images/kolhapuri/kolhapuri_042.jpg
kolhapuri_043.jpg,kolhapuri,/Users/bhavinikasana/craftguard/data/images/kolhapuri/kolhapuri_043.jpg
kolhapuri_044.jpg,kolhapuri,/Users/bhavinikasana/craftguard/data/images/kolhapuri/kolhapuri_044.jpg
kolhapuri_045.jpg,kolhapuri,/Users/bhavinikasana/craftguard/data/images/kolhapuri/kolhapuri_045.jpg
kolhapuri_046.jpg,kolhapuri,/Users/bhavinikasana/craftguard/data/images/kolhapuri/kolhapuri_046.jpg
kolhapuri_047.jpg,kolhapuri,/Users/bhavinikasana/craftguard/data/images/kolhapuri/kolhapuri_047.jpg
kolhapuri_048.jpg,kolhapuri,/Users/bhavinikasana/craftguard/data/images/kolhapuri/kolhapuri_048.jpg
kolhapuri_049.jpg,kolhapuri,/Users/bhavinikasana/craftguard/data/images/kolhapuri/kolhapuri_049.jpg
kolhapuri_050.jpg,kolhapuri,/Users/bhavinikasana/craftguard/data/images/kolhapuri/kolhapuri_050.jpg
kolhapuri_051.jpg,kolhapuri,/Users/bhavinikasana/craftguard/data/images/kolhapuri/kolhapuri_051.jpg
kolhapuri_052.jpg,kolhapuri,/Users/bhavinikasana/craftguard/data/images/kolhapuri/kolhapuri_052.jpg
kolhapuri_053.jpg,kolhapuri,/Users/bhavinikasana/craftguard/data/images/kolhapuri/kolhapuri_053.jpg
kolhapuri_054.jpg,kolhapuri,/Users/bhavinikasana/craftguard/data/images/kolhapuri/kolhapuri_054.jpg
kolhapuri_055.jpg,kolhapuri,/Users/bhavinikasana/craftguard/data/images/kolhapuri/kolhapuri_055.jpg
kolhapuri_056.jpg,kolhapuri,/Users/bhavinikasana/craftguard/data/images/kolhapuri/kolhapuri_056.jpg
kolhapuri_057.jpg,kolhapuri,/Users/bhavinikasana/craftguard/data/images/kolhapuri/kolhapuri_057.jpg
kolhapuri_058.jpg,kolhapuri,/Users/bhavinikasana/craftguard/data/images/kolhapuri/kolhapuri_058.jpg
kolhapuri_059.jpg,kolhapuri,/Users/bhavinikasana/craftguard/data/images/kolhapuri/kolhapuri_059.jpg
kolhapuri_060.jpg,kolhapuri,/Users/bhavinikasana/craftguard/data/images/kolhapuri/kolhapuri_060.jpg
kolhapuri_061.jpg,kolhapuri,/Users/bhavinikasana/craftguard/data/images/kolhapuri/kolhapuri_061.jpg
kolhapuri_062.jpg,kolhapuri,/Users/bhavinikasana/craftguard/data/images/kolhapuri/kolhapuri_062.jpg
kolhapuri_063.jpg,kolhapuri,/Users/bhavinikasana/craftguard/data/images/kolhapuri/kolhapuri_063.jpg
kolhapuri_064.jpg,kolhapuri,/Users/bhavinikasana/craftguard/data/images/kolhapuri/kolhapuri_064.jpg
kolhapuri_065.jpg,kolhapuri,/Users/bhavinikasana/craftguard/data/images/kolhapuri/kolhapuri_065.jpg
kolhapuri_066.jpg,kolhapuri,/Users/bhavinikasana/craftguard/data/images/kolhapuri/kolhapuri_066.jpg
kolhapuri_067.jpg,kolhapuri,/Users/bhavinikasana/craftguard/data/images/kolhapuri/kolhapuri_067.jpg
kolhapuri_068.jpg,kolhapuri,/Users/bhavinikasana/craftguard/data/images/kolhapuri/kolhapuri_068.jpg
kolhapuri_069.jpg,kolhapuri,/Users/bhavinikasana/craftguard/data/images/kolhapuri/kolhapuri_069.jpg
kolhapuri_070.jpg,kolhapuri,/Users/bhavinikasana/craftguard/data/images/kolhapuri/kolhapuri_070.jpg
kolhapuri_071.jpg,kolhapuri,/Users/bhavinikasana/craftguard/data/images/kolhapuri/kolhapuri_071.jpg
kolhapuri_072.jpg,kolhapuri,/Users/bhavinikasana/craftguard/data/images/kolhapuri/kolhapuri_072.jpg
kolhapuri_073.jpg,kolhapuri,/Users/bhavinikasana/craftguard/data/images/kolhapuri/kolhapuri_073.jpg
kolhapuri_074.jpg,kolhapuri,/Users/bhavinikasana/craftguard/data/images/kolhapuri/kolhapuri_074.jpg
kolhapuri_075.jpg,kolhapuri,/Users/bhavinikasana/craftguard/data/images/kolhapuri/kolhapuri_075.jpg
kolhapuri_076.jpg,kolhapuri,/Users/bhavinikasana/craftguard/data/images/kolhapuri/kolhapuri_076.jpg
kolhapuri_077.jpg,kolhapuri,/Users/bhavinikasana/craftguard/data/images/kolhapuri/kolhapuri_077.jpg
kolhapuri_078.jpg,kolhapuri,/Users/bhavinikasana/craftguard/data/images/kolhapuri/kolhapuri_078.jpg
banarasi_000.jpg,banarasi,/Users/bhavinikasana/craftguard/data/images/banarasi/banarasi_000.jpg
banarasi_001.jpg,banarasi,/Users/bhavinikasana/craftguard/data/images/banarasi/banarasi_001.jpg
banarasi_002.jpg,banarasi,/Users/bhavinikasana/craftguard/data/images/banarasi/banarasi_002.jpg
banarasi_003.jpg,banarasi,/Users/bhavinikasana/craftguard/data/images/banarasi/banarasi_003.jpg
banarasi_004.jpg,banarasi,/Users/bhavinikasana/craftguard/data/images/banarasi/banarasi_004.jpg
banarasi_005.jpg,banarasi,/Users/bhavinikasana/craftguard/data/images/banarasi/banarasi_005.jpg
banarasi_006.jpg,banarasi,/Users/bhavinikasana/craftguard/data/images/banarasi/banarasi_006.jpg
banarasi_007.jpg,banarasi,/Users/bhavinikasana/craftguard/data/images/banarasi/banarasi_007.jpg
banarasi_008.jpg,banarasi,/Users/bhavinikasana/craftguard/data/images/banarasi/banarasi_008.jpg
banarasi_009.jpg,banarasi,/Users/bhavinikasana/craftguard/data/images/banarasi/banarasi_009.jpg
banarasi_010.jpg,banarasi,/Users/bhavinikasana/craftguard/data/images/banarasi/banarasi_010.jpg
banarasi_011.jpg,banarasi,/Users/bhavinikasana/craftguard/data/images/banarasi/banarasi_011.jpg
banarasi_012.jpg,banarasi,/Users/bhavinikasana/craftguard/data/images/banarasi/banarasi_012.jpg
banarasi_013.jpg,banarasi,/Users/bhavinikasana/craftguard/data/images/banarasi/banarasi_013.jpg
banarasi_014.jpg,banarasi,/Users/bhavinikasana/craftguard/data/images/banarasi/banarasi_014.jpg
banarasi_015.jpg,banarasi,/Users/bhavinikasana/craftguard/data/images/banarasi/banarasi_015.jpg
banarasi_016.jpg,banarasi,/Users/bhavinikasana/craftguard/data/images/banarasi/banarasi_016.jpg
banarasi_017.jpg,banarasi,/Users/bhavinikasana/craftguard/data/images/banarasi/banarasi_017.jpg
banarasi_018.jpg,banarasi,/Users/bhavinikasana/craftguard/data/images/banarasi/banarasi_018.jpg
banarasi_019.jpg,banarasi,/Users/bhavinikasana/craftguard/data/images/banarasi/banarasi_019.jpg
banarasi_020.jpg,banarasi,/Users/bhavinikasana/craftguard/data/images/banarasi/banarasi_020.jpg
banarasi_021.jpg,banarasi,/Users/bhavinikasana/craftguard/data/images/banarasi/banarasi_021.jpg
banarasi_022.jpg,banarasi,/Users/bhavinikasana/craftguard/data/images/banarasi/banarasi_022.jpg
banarasi_023.jpg,banarasi,/Users/bhavinikasana/craftguard/data/images/banarasi/banarasi_023.jpg
banarasi_024.jpg,banarasi,/Users/bhavinikasana/craftguard/data/images/banarasi/banarasi_024.jpg
banarasi_025.jpg,banarasi,/Users/bhavinikasana/craftguard/data/images/banarasi/banarasi_025.jpg
banarasi_026.jpg,banarasi,/Users/bhavinikasana/craftguard/data/images/banarasi/banarasi_026.jpg
banarasi_027.jpg,banarasi,/Users/bhavinikasana/craftguard/data/images/banarasi/banarasi_027.jpg
banarasi_028.jpg,banarasi,/Users/bhavinikasana/craftguard/data/images/banarasi/banarasi_028.jpg
banarasi_029.jpg,banarasi,/Users/bhavinikasana/craftguard/data/images/banarasi/banarasi_029.jpg
banarasi_030.jpg,banarasi,/Users/bhavinikasana/craftguard/data/images/banarasi/banarasi_030.jpg
banarasi_031.jpg,banarasi,/Users/bhavinikasana/craftguard/data/images/banarasi/banarasi_031.jpg
banarasi_032.jpg,banarasi,/Users/bhavinikasana/craftguard/data/images/banarasi/banarasi_032.jpg
banarasi_033.jpg,banarasi,/Users/bhavinikasana/craftguard/data/images/banarasi/banarasi_033.jpg
banarasi_034.jpg,banarasi,/Users/bhavinikasana/craftguard/data/images/banarasi/banarasi_034.jpg
banarasi_035.jpg,banarasi,/Users/bhavinikasana/craftguard/data/images/banarasi/banarasi_035.jpg
banarasi_036.jpg,banarasi,/Users/bhavinikasana/craftguard/data/images/banarasi/banarasi_036.jpg
banarasi_037.jpg,banarasi,/Users/bhavinikasana/craftguard/data/images/banarasi/banarasi_037.jpg
banarasi_038.jpg,banarasi,/Users/bhavinikasana/craftguard/data/images/banarasi/banarasi_038.jpg
banarasi_039.jpg,banarasi,/Users/bhavinikasana/craftguard/data/images/banarasi/banarasi_039.jpg
banarasi_040.jpg,banarasi,/Users/bhavinikasana/craftguard/data/images/banarasi/banarasi_040.jpg
banarasi_041.jpg,banarasi,/Users/bhavinikasana/craftguard/data/images/banarasi/banarasi_041.jpg
banarasi_042.jpg,banarasi,/Users/bhavinikasana/craftguard/data/images/banarasi/banarasi_042.jpg
banarasi_043.jpg,banarasi,/Users/bhavinikasana/craftguard/data/images/banarasi/banarasi_043.jpg
banarasi_044.jpg,banarasi,/Users/bhavinikasana/craftguard/data/images/banarasi/banarasi_044.jpg
banarasi_045.jpg,banarasi,/Users/bhavinikasana/craftguard/data/images/banarasi/banarasi_045.jpg
banarasi_046.jpg,banarasi,/Users/bhavinikasana/craftguard/data/images/banarasi/banarasi_046.jpg
banarasi_047.jpg,banarasi,/Users/bhavinikasana/craftguard/data/images/banarasi/banarasi_047.jpg
banarasi_048.jpg,banarasi,/Users/bhavinikasana/craftguard/data/images/banarasi/banarasi_048.jpg
banarasi_049.jpg,banarasi,/Users/bhavinikasana/craftguard/data/images/banarasi/banarasi_049.jpg
banarasi_050.jpg,banarasi,/Users/bhavinikasana/craftguard/data/images/banarasi/banarasi_050.jpg
banarasi_051.jpg,banarasi,/Users/bhavinikasana/craftguard/data/images/banarasi/banarasi_051.jpg
banarasi_052.jpg,banarasi,/Users/bhavinikasana/craftguard/data/images/banarasi/banarasi_052.jpg
banarasi_053.jpg,banarasi,/Users/bhavinikasana/craftguard/data/images/banarasi/banarasi_053.jpg
banarasi_054.jpg,banarasi,/Users/bhavinikasana/craftguard/data/images/banarasi/banarasi_054.jpg
banarasi_055.jpg,banarasi,/Users/bhavinikasana/craftguard/data/images/banarasi/banarasi_055.jpg
banarasi_056.jpg,banarasi,/Users/bhavinikasana/craftguard/data/images/banarasi/banarasi_056.jpg
banarasi_057.jpg,banarasi,/Users/bhavinikasana/craftguard/data/images/banarasi/banarasi_057.jpg
banarasi_058.jpg,banarasi,/Users/bhavinikasana/craftguard/data/images/banarasi/banarasi_058.jpg
banarasi_059.jpg,banarasi,/Users/bhavinikasana/craftguard/data/images/banarasi/banarasi_059.jpg
banarasi_060.jpg,banarasi,/Users/bhavinikasana/craftguard/data/images/banarasi/banarasi_060.jpg
banarasi_061.jpg,banarasi,/Users/bhavinikasana/craftguard/data/images/banarasi/banarasi_061.jpg
banarasi_062.jpg,banarasi,/Users/bhavinikasana/craftguard/data/images/banarasi/banarasi_062.jpg
banarasi_063.jpg,banarasi,/Users/bhavinikasana/craftguard/data/images/banarasi/banarasi_063.jpg
banarasi_064.jpg,banarasi,/Users/bhavinikasana/craftguard/data/images/banarasi/banarasi_064.jpg
banarasi_065.jpg,banarasi,/Users/bhavinikasana/craftguard/data/images/banarasi/banarasi_065.jpg
banarasi_066.jpg,banarasi,/Users/bhavinikasana/craftguard/data/images/banarasi/banarasi_066.jpg
banarasi_067.jpg,banarasi,/Users/bhavinikasana/craftguard/data/images/banarasi/banarasi_067.jpg
banarasi_068.jpg,banarasi,/Users/bhavinikasana/craftguard/data/images/banarasi/banarasi_068.jpg
banarasi_069.jpg,banarasi,/Users/bhavinikasana/craftguard/data/images/banarasi/banarasi_069.jpg
banarasi_070.jpg,banarasi,/Users/bhavinikasana/craftguard/data/images/banarasi/banarasi_070.jpg
banarasi_071.jpg,banarasi,/Users/bhavinikasana/craftguard/data/images/banarasi/banarasi_071.jpg
banarasi_072.jpg,banarasi,/Users/bhavinikasana/craftguard/data/images/banarasi/banarasi_072.jpg
banarasi_073.jpg,banarasi,/Users/bhavinikasana/craftguard/data/images/banarasi/banarasi_073.jpg
banarasi_074.jpg,banarasi,/Users/bhavinikasana/craftguard/data/images/banarasi/banarasi_074.jpg
banarasi_075.jpg,banarasi,/Users/bhavinikasana/craftguard/data/images/banarasi/banarasi_075.jpg
banarasi_076.jpg,banarasi,/Users/bhavinikasana/craftguard/data/images/banarasi/banarasi_076.jpg
banarasi_077.jpg,banarasi,/Users/bhavinikasana/craftguard/data/images/banarasi/banarasi_077.jpg
banarasi_078.jpg,banarasi,/Users/bhavinikasana/craftguard/data/images/banarasi/banarasi_078.jpg
banarasi_079.jpg,banarasi,/Users/bhavinikasana/craftguard/data/images/banarasi/banarasi_079.jpg
banarasi_080.jpg,banarasi,/Users/bhavinikasana/craftguard/data/images/banarasi/banarasi_080.jpg
banarasi_081.jpg,banarasi,/Users/bhavinikasana/craftguard/data/images/banarasi/banarasi_081.jpg
banarasi_082.jpg,banarasi,/Users/bhavinikasana/craftguard/data/images/banarasi/banarasi_082.jpg
banarasi_083.jpg,banarasi,/Users/bhavinikasana/craftguard/data/images/banarasi/banarasi_083.jpg
kalamkari_000.jpg,kalamkari,/Users/bhavinikasana/craftguard/data/images/kalamkari/kalamkari_000.jpg
kalamkari_001.jpg,kalamkari,/Users/bhavinikasana/craftguard/data/images/kalamkari/kalamkari_001.jpg
kalamkari_002.jpg,kalamkari,/Users/bhavinikasana/craftguard/data/images/kalamkari/kalamkari_002.jpg
kalamkari_003.jpg,kalamkari,/Users/bhavinikasana/craftguard/data/images/kalamkari/kalamkari_003.jpg
kalamkari_004.jpg,kalamkari,/Users/bhavinikasana/craftguard/data/images/kalamkari/kalamkari_004.jpg
kalamkari_005.jpg,kalamkari,/Users/bhavinikasana/craftguard/data/images/kalamkari/kalamkari_005.jpg
kalamkari_006.jpg,kalamkari,/Users/bhavinikasana/craftguard/data/images/kalamkari/kalamkari_006.jpg
kalamkari_007.jpg,kalamkari,/Users/bhavinikasana/craftguard/data/images/kalamkari/kalamkari_007.jpg
kalamkari_008.jpg,kalamkari,/Users/bhavinikasana/craftguard/data/images/kalamkari/kalamkari_008.jpg
kalamkari_009.jpg,kalamkari,/Users/bhavinikasana/craftguard/data/images/kalamkari/kalamkari_009.jpg
kalamkari_010.jpg,kalamkari,/Users/bhavinikasana/craftguard/data/images/kalamkari/kalamkari_010.jpg
kalamkari_011.jpg,kalamkari,/Users/bhavinikasana/craftguard/data/images/kalamkari/kalamkari_011.jpg
kalamkari_012.jpg,kalamkari,/Users/bhavinikasana/craftguard/data/images/kalamkari/kalamkari_012.jpg
kalamkari_013.jpg,kalamkari,/Users/bhavinikasana/craftguard/data/images/kalamkari/kalamkari_013.jpg
kalamkari_014.jpg,kalamkari,/Users/bhavinikasana/craftguard/data/images/kalamkari/kalamkari_014.jpg
kalamkari_015.jpg,kalamkari,/Users/bhavinikasana/craftguard/data/images/kalamkari/kalamkari_015.jpg
kalamkari_016.jpg,kalamkari,/Users/bhavinikasana/craftguard/data/images/kalamkari/kalamkari_016.jpg
kalamkari_017.jpg,kalamkari,/Users/bhavinikasana/craftguard/data/images/kalamkari/kalamkari_017.jpg
kalamkari_018.jpg,kalamkari,/Users/bhavinikasana/craftguard/data/images/kalamkari/kalamkari_018.jpg
kalamkari_019.jpg,kalamkari,/Users/bhavinikasana/craftguard/data/images/kalamkari/kalamkari_019.jpg
kalamkari_020.jpg,kalamkari,/Users/bhavinikasana/craftguard/data/images/kalamkari/kalamkari_020.jpg
kalamkari_021.jpg,kalamkari,/Users/bhavinikasana/craftguard/data/images/kalamkari/kalamkari_021.jpg
kalamkari_022.jpg,kalamkari,/Users/bhavinikasana/craftguard/data/images/kalamkari/kalamkari_022.jpg
kalamkari_023.jpg,kalamkari,/Users/bhavinikasana/craftguard/data/images/kalamkari/kalamkari_023.jpg
kalamkari_024.jpg,kalamkari,/Users/bhavinikasana/craftguard/data/images/kalamkari/kalamkari_024.jpg
kalamkari_025.jpg,kalamkari,/Users/bhavinikasana/craftguard/data/images/kalamkari/kalamkari_025.jpg
kalamkari_026.jpg,kalamkari,/Users/bhavinikasana/craftguard/data/images/kalamkari/kalamkari_026.jpg
kalamkari_027.jpg,kalamkari,/Users/bhavinikasana/craftguard/data/images/kalamkari/kalamkari_027.jpg
kalamkari_028.jpg,kalamkari,/Users/bhavinikasana/craftguard/data/images/kalamkari/kalamkari_028.jpg
kalamkari_029.jpg,kalamkari,/Users/bhavinikasana/craftguard/data/images/kalamkari/kalamkari_029.jpg
kalamkari_030.jpg,kalamkari,/Users/bhavinikasana/craftguard/data/images/kalamkari/kalamkari_030.jpg
kalamkari_031.jpg,kalamkari,/Users/bhavinikasana/craftguard/data/images/kalamkari/kalamkari_031.jpg
kalamkari_032.jpg,kalamkari,/Users/bhavinikasana/craftguard/data/images/kalamkari/kalamkari_032.jpg
kalamkari_033.jpg,kalamkari,/Users/bhavinikasana/craftguard/data/images/kalamkari/kalamkari_033.jpg
kalamkari_034.jpg,kalamkari,/Users/bhavinikasana/craftguard/data/images/kalamkari/kalamkari_034.jpg
kalamkari_035.jpg,kalamkari,/Users/bhavinikasana/craftguard/data/images/kalamkari/kalamkari_035.jpg
kalamkari_036.jpg,kalamkari,/Users/bhavinikasana/craftguard/data/images/kalamkari/kalamkari_036.jpg
kalamkari_037.jpg,kalamkari,/Users/bhavinikasana/craftguard/data/images/kalamkari/kalamkari_037.jpg
kalamkari_038.jpg,kalamkari,/Users/bhavinikasana/craftguard/data/images/kalamkari/kalamkari_038.jpg
kalamkari_039.jpg,kalamkari,/Users/bhavinikasana/craftguard/data/images/kalamkari/kalamkari_039.jpg
kalamkari_040.jpg,kalamkari,/Users/bhavinikasana/craftguard/data/images/kalamkari/kalamkari_040.jpg
kalamkari_041.jpg,kalamkari,/Users/bhavinikasana/craftguard/data/images/kalamkari/kalamkari_041.jpg
kalamkari_042.jpg,kalamkari,/Users/bhavinikasana/craftguard/data/images/kalamkari/kalamkari_042.jpg
kalamkari_043.jpg,kalamkari,/Users/bhavinikasana/craftguard/data/images/kalamkari/kalamkari_043.jpg
kalamkari_044.jpg,kalamkari,/Users/bhavinikasana/craftguard/data/images/kalamkari/kalamkari_044.jpg
kalamkari_045.jpg,kalamkari,/Users/bhavinikasana/craftguard/data/images/kalamkari/kalamkari_045.jpg
kalamkari_046.jpg,kalamkari,/Users/bhavinikasana/craftguard/data/images/kalamkari/kalamkari_046.jpg
kalamkari_047.jpg,kalamkari,/Users/bhavinikasana/craftguard/data/images/kalamkari/kalamkari_047.jpg
kalamkari_048.jpg,kalamkari,/Users/bhavinikasana/craftguard/data/images/kalamkari/kalamkari_048.jpg
kalamkari_049.jpg,kalamkari,/Users/bhavinikasana/craftguard/data/images/kalamkari/kalamkari_049.jpg
kalamkari_050.jpg,kalamkari,/Users/bhavinikasana/craftguard/data/images/kalamkari/kalamkari_050.jpg
kalamkari_051.jpg,kalamkari,/Users/bhavinikasana/craftguard/data/images/kalamkari/kalamkari_051.jpg
kalamkari_052.jpg,kalamkari,/Users/bhavinikasana/craftguard/data/images/kalamkari/kalamkari_052.jpg
kalamkari_053.jpg,kalamkari,/Users/bhavinikasana/craftguard/data/images/kalamkari/kalamkari_053.jpg
kalamkari_054.jpg,kalamkari,/Users/bhavinikasana/craftguard/data/images/kalamkari/kalamkari_054.jpg
kalamkari_055.jpg,kalamkari,/Users/bhavinikasana/craftguard/data/images/kalamkari/kalamkari_055.jpg
kalamkari_056.jpg,kalamkari,/Users/bhavinikasana/craftguard/data/images/kalamkari/kalamkari_056.jpg
kalamkari_057.jpg,kalamkari,/Users/bhavinikasana/craftguard/data/images/kalamkari/kalamkari_057.jpg
kalamkari_058.jpg,kalamkari,/Users/bhavinikasana/craftguard/data/images/kalamkari/kalamkari_058.jpg
kalamkari_059.jpg,kalamkari,/Users/bhavinikasana/craftguard/data/images/kalamkari/kalamkari_059.jpg
kalamkari_060.jpg,kalamkari,/Users/bhavinikasana/craftguard/data/images/kalamkari/kalamkari_060.jpg
kalamkari_061.jpg,kalamkari,/Users/bhavinikasana/craftguard/data/images/kalamkari/kalamkari_061.jpg
kalamkari_062.jpg,kalamkari,/Users/bhavinikasana/craftguard/data/images/kalamkari/kalamkari_062.jpg
kalamkari_063.jpg,kalamkari,/Users/bhavinikasana/craftguard/data/images/kalamkari/kalamkari_063.jpg
kalamkari_064.jpg,kalamkari,/Users/bhavinikasana/craftguard/data/images/kalamkari/kalamkari_064.jpg
kalamkari_065.jpg,kalamkari,/Users/bhavinikasana/craftguard/data/images/kalamkari/kalamkari_065.jpg
kalamkari_066.jpg,kalamkari,/Users/bhavinikasana/craftguard/data/images/kalamkari/kalamkari_066.jpg
kalamkari_067.jpg,kalamkari,/Users/bhavinikasana/craftguard/data/images/kalamkari/kalamkari_067.jpg
kalamkari_068.jpg,kalamkari,/Users/bhavinikasana/craftguard/data/images/kalamkari/kalamkari_068.jpg
kalamkari_069.jpg,kalamkari,/Users/bhavinikasana/craftguard/data/images/kalamkari/kalamkari_069.jpg
kalamkari_070.jpg,kalamkari,/Users/bhavinikasana/craftguard/data/images/kalamkari/kalamkari_070.jpg
kalamkari_071.jpg,kalamkari,/Users/bhavinikasana/craftguard/data/images/kalamkari/kalamkari_071.jpg
kalamkari_072.jpg,kalamkari,/Users/bhavinikasana/craftguard/data/images/kalamkari/kalamkari_072.jpg
kalamkari_073.jpg,kalamkari,/Users/bhavinikasana/craftguard/data/images/kalamkari/kalamkari_073.jpg
kalamkari_074.jpg,kalamkari,/Users/bhavinikasana/craftguard/data/images/kalamkari/kalamkari_074.jpg
kalamkari_075.jpg,kalamkari,/Users/bhavinikasana/craftguard/data/images/kalamkari/kalamkari_075.jpg
kalamkari_076.jpg,kalamkari,/Users/bhavinikasana/craftguard/data/images/kalamkari/kalamkari_076.jpg
kalamkari_077.jpg,kalamkari,/Users/bhavinikasana/craftguard/data/images/kalamkari/kalamkari_077.jpg
kalamkari_078.jpg,kalamkari,/Users/bhavinikasana/craftguard/data/images/kalamkari/kalamkari_078.jpg
kalamkari_079.jpg,kalamkari,/Users/bhavinikasana/craftguard/data/images/kalamkari/kalamkari_079.jpg
kalamkari_080.jpg,kalamkari,/Users/bhavinikasana/craftguard/data/images/kalamkari/kalamkari_080.jpg
kalamkari_081.jpg,kalamkari,/Users/bhavinikasana/craftguard/data/images/kalamkari/kalamkari_081.jpg
kalamkari_082.jpg,kalamkari,/Users/bhavinikasana/craftguard/data/images/kalamkari/kalamkari_082.jpg
kalamkari_083.jpg,kalamkari,/Users/bhavinikasana/craftguard/data/images/kalamkari/kalamkari_083.jpg
ajrakh_000.jpg,ajrakh,/Users/bhavinikasana/craftguard/data/images/ajrakh/ajrakh_000.jpg
ajrakh_001.jpg,ajrakh,/Users/bhavinikasana/craftguard/data/images/ajrakh/ajrakh_001.jpg
ajrakh_002.jpg,ajrakh,/Users/bhavinikasana/craftguard/data/images/ajrakh/ajrakh_002.jpg
ajrakh_003.jpg,ajrakh,/Users/bhavinikasana/craftguard/data/images/ajrakh/ajrakh_003.jpg
ajrakh_004.jpg,ajrakh,/Users/bhavinikasana/craftguard/data/images/ajrakh/ajrakh_004.jpg
ajrakh_005.jpg,ajrakh,/Users/bhavinikasana/craftguard/data/images/ajrakh/ajrakh_005.jpg
ajrakh_006.jpg,ajrakh,/Users/bhavinikasana/craftguard/data/images/ajrakh/ajrakh_006.jpg
ajrakh_007.jpg,ajrakh,/Users/bhavinikasana/craftguard/data/images/ajrakh/ajrakh_007.jpg
ajrakh_008.jpg,ajrakh,/Users/bhavinikasana/craftguard/data/images/ajrakh/ajrakh_008.jpg
ajrakh_009.jpg,ajrakh,/Users/bhavinikasana/craftguard/data/images/ajrakh/ajrakh_009.jpg
ajrakh_010.jpg,ajrakh,/Users/bhavinikasana/craftguard/data/images/ajrakh/ajrakh_010.jpg
ajrakh_011.jpg,ajrakh,/Users/bhavinikasana/craftguard/data/images/ajrakh/ajrakh_011.jpg
ajrakh_012.jpg,ajrakh,/Users/bhavinikasana/craftguard/data/images/ajrakh/ajrakh_012.jpg
ajrakh_013.jpg,ajrakh,/Users/bhavinikasana/craftguard/data/images/ajrakh/ajrakh_013.jpg
ajrakh_014.jpg,ajrakh,/Users/bhavinikasana/craftguard/data/images/ajrakh/ajrakh_014.jpg
ajrakh_015.jpg,ajrakh,/Users/bhavinikasana/craftguard/data/images/ajrakh/ajrakh_015.jpg
ajrakh_016.jpg,ajrakh,/Users/bhavinikasana/craftguard/data/images/ajrakh/ajrakh_016.jpg
ajrakh_017.jpg,ajrakh,/Users/bhavinikasana/craftguard/data/images/ajrakh/ajrakh_017.jpg
ajrakh_018.jpg,ajrakh,/Users/bhavinikasana/craftguard/data/images/ajrakh/ajrakh_018.jpg
ajrakh_019.jpg,ajrakh,/Users/bhavinikasana/craftguard/data/images/ajrakh/ajrakh_019.jpg
ajrakh_020.jpg,ajrakh,/Users/bhavinikasana/craftguard/data/images/ajrakh/ajrakh_020.jpg
ajrakh_021.jpg,ajrakh,/Users/bhavinikasana/craftguard/data/images/ajrakh/ajrakh_021.jpg
ajrakh_022.jpg,ajrakh,/Users/bhavinikasana/craftguard/data/images/ajrakh/ajrakh_022.jpg
ajrakh_023.jpg,ajrakh,/Users/bhavinikasana/craftguard/data/images/ajrakh/ajrakh_023.jpg
ajrakh_024.jpg,ajrakh,/Users/bhavinikasana/craftguard/data/images/ajrakh/ajrakh_024.jpg
ajrakh_025.jpg,ajrakh,/Users/bhavinikasana/craftguard/data/images/ajrakh/ajrakh_025.jpg
ajrakh_026.jpg,ajrakh,/Users/bhavinikasana/craftguard/data/images/ajrakh/ajrakh_026.jpg
ajrakh_027.jpg,ajrakh,/Users/bhavinikasana/craftguard/data/images/ajrakh/ajrakh_027.jpg
ajrakh_028.jpg,ajrakh,/Users/bhavinikasana/craftguard/data/images/ajrakh/ajrakh_028.jpg
ajrakh_029.jpg,ajrakh,/Users/bhavinikasana/craftguard/data/images/ajrakh/ajrakh_029.jpg
ajrakh_030.jpg,ajrakh,/Users/bhavinikasana/craftguard/data/images/ajrakh/ajrakh_030.jpg
ajrakh_031.jpg,ajrakh,/Users/bhavinikasana/craftguard/data/images/ajrakh/ajrakh_031.jpg
ajrakh_032.jpg,ajrakh,/Users/bhavinikasana/craftguard/data/images/ajrakh/ajrakh_032.jpg
ajrakh_033.jpg,ajrakh,/Users/bhavinikasana/craftguard/data/images/ajrakh/ajrakh_033.jpg
ajrakh_034.jpg,ajrakh,/Users/bhavinikasana/craftguard/data/images/ajrakh/ajrakh_034.jpg
ajrakh_035.jpg,ajrakh,/Users/bhavinikasana/craftguard/data/images/ajrakh/ajrakh_035.jpg
ajrakh_036.jpg,ajrakh,/Users/bhavinikasana/craftguard/data/images/ajrakh/ajrakh_036.jpg
ajrakh_037.jpg,ajrakh,/Users/bhavinikasana/craftguard/data/images/ajrakh/ajrakh_037.jpg
ajrakh_038.jpg,ajrakh,/Users/bhavinikasana/craftguard/data/images/ajrakh/ajrakh_038.jpg
ajrakh_039.jpg,ajrakh,/Users/bhavinikasana/craftguard/data/images/ajrakh/ajrakh_039.jpg
ajrakh_040.jpg,ajrakh,/Users/bhavinikasana/craftguard/data/images/ajrakh/ajrakh_040.jpg
ajrakh_041.jpg,ajrakh,/Users/bhavinikasana/craftguard/data/images/ajrakh/ajrakh_041.jpg
ajrakh_042.jpg,ajrakh,/Users/bhavinikasana/craftguard/data/images/ajrakh/ajrakh_042.jpg
ajrakh_043.jpg,ajrakh,/Users/bhavinikasana/craftguard/data/images/ajrakh/ajrakh_043.jpg
ajrakh_044.jpg,ajrakh,/Users/bhavinikasana/craftguard/data/images/ajrakh/ajrakh_044.jpg
ajrakh_045.jpg,ajrakh,/Users/bhavinikasana/craftguard/data/images/ajrakh/ajrakh_045.jpg
ajrakh_046.jpg,ajrakh,/Users/bhavinikasana/craftguard/data/images/ajrakh/ajrakh_046.jpg
ajrakh_047.jpg,ajrakh,/Users/bhavinikasana/craftguard/data/images/ajrakh/ajrakh_047.jpg
ajrakh_048.jpg,ajrakh,/Users/bhavinikasana/craftguard/data/images/ajrakh/ajrakh_048.jpg
ajrakh_049.jpg,ajrakh,/Users/bhavinikasana/craftguard/data/images/ajrakh/ajrakh_049.jpg
ajrakh_050.jpg,ajrakh,/Users/bhavinikasana/craftguard/data/images/ajrakh/ajrakh_050.jpg
ajrakh_051.jpg,ajrakh,/Users/bhavinikasana/craftguard/data/images/ajrakh/ajrakh_051.jpg
ajrakh_052.jpg,ajrakh,/Users/bhavinikasana/craftguard/data/images/ajrakh/ajrakh_052.jpg
ajrakh_053.jpg,ajrakh,/Users/bhavinikasana/craftguard/data/images/ajrakh/ajrakh_053.jpg
ajrakh_054.jpg,ajrakh,/Users/bhavinikasana/craftguard/data/images/ajrakh/ajrakh_054.jpg
ajrakh_055.jpg,ajrakh,/Users/bhavinikasana/craftguard/data/images/ajrakh/ajrakh_055.jpg
ajrakh_056.jpg,ajrakh,/Users/bhavinikasana/craftguard/data/images/ajrakh/ajrakh_056.jpg
ajrakh_057.jpg,ajrakh,/Users/bhavinikasana/craftguard/data/images/ajrakh/ajrakh_057.jpg
ajrakh_058.jpg,ajrakh,/Users/bhavinikasana/craftguard/data/images/ajrakh/ajrakh_058.jpg
ajrakh_059.jpg,ajrakh,/Users/bhavinikasana/craftguard/data/images/ajrakh/ajrakh_059.jpg
ajrakh_060.jpg,ajrakh,/Users/bhavinikasana/craftguard/data/images/ajrakh/ajrakh_060.jpg
ajrakh_061.jpg,ajrakh,/Users/bhavinikasana/craftguard/data/images/ajrakh/ajrakh_061.jpg
ajrakh_062.jpg,ajrakh,/Users/bhavinikasana/craftguard/data/images/ajrakh/ajrakh_062.jpg
ajrakh_063.jpg,ajrakh,/Users/bhavinikasana/craftguard/data/images/ajrakh/ajrakh_063.jpg
ajrakh_064.jpg,ajrakh,/Users/bhavinikasana/craftguard/data/images/ajrakh/ajrakh_064.jpg
ajrakh_065.jpg,ajrakh,/Users/bhavinikasana/craftguard/data/images/ajrakh/ajrakh_065.jpg
ajrakh_066.jpg,ajrakh,/Users/bhavinikasana/craftguard/data/images/ajrakh/ajrakh_066.jpg
ajrakh_067.jpg,ajrakh,/Users/bhavinikasana/craftguard/data/images/ajrakh/ajrakh_067.jpg
ajrakh_068.jpg,ajrakh,/Users/bhavinikasana/craftguard/data/images/ajrakh/ajrakh_068.jpg
ajrakh_069.jpg,ajrakh,/Users/bhavinikasana/craftguard/data/images/ajrakh/ajrakh_069.jpg
ajrakh_070.jpg,ajrakh,/Users/bhavinikasana/craftguard/data/images/ajrakh/ajrakh_070.jpg
ajrakh_071.jpg,ajrakh,/Users/bhavinikasana/craftguard/data/images/ajrakh/ajrakh_071.jpg
ajrakh_072.jpg,ajrakh,/Users/bhavinikasana/craftguard/data/images/ajrakh/ajrakh_072.jpg
ajrakh_073.jpg,ajrakh,/Users/bhavinikasana/craftguard/data/images/ajrakh/ajrakh_073.jpg
ikat_000.jpg,ikat,/Users/bhavinikasana/craftguard/data/images/ikat/ikat_000.jpg
ikat_001.jpg,ikat,/Users/bhavinikasana/craftguard/data/images/ikat/ikat_001.jpg
ikat_002.jpg,ikat,/Users/bhavinikasana/craftguard/data/images/ikat/ikat_002.jpg
ikat_003.jpg,ikat,/Users/bhavinikasana/craftguard/data/images/ikat/ikat_003.jpg
ikat_004.jpg,ikat,/Users/bhavinikasana/craftguard/data/images/ikat/ikat_004.jpg
ikat_005.jpg,ikat,/Users/bhavinikasana/craftguard/data/images/ikat/ikat_005.jpg
ikat_006.jpg,ikat,/Users/bhavinikasana/craftguard/data/images/ikat/ikat_006.jpg
ikat_007.jpg,ikat,/Users/bhavinikasana/craftguard/data/images/ikat/ikat_007.jpg
ikat_008.jpg,ikat,/Users/bhavinikasana/craftguard/data/images/ikat/ikat_008.jpg
ikat_009.jpg,ikat,/Users/bhavinikasana/craftguard/data/images/ikat/ikat_009.jpg
ikat_010.jpg,ikat,/Users/bhavinikasana/craftguard/data/images/ikat/ikat_010.jpg
ikat_011.jpg,ikat,/Users/bhavinikasana/craftguard/data/images/ikat/ikat_011.jpg
ikat_012.jpg,ikat,/Users/bhavinikasana/craftguard/data/images/ikat/ikat_012.jpg
ikat_013.jpg,ikat,/Users/bhavinikasana/craftguard/data/images/ikat/ikat_013.jpg
ikat_014.jpg,ikat,/Users/bhavinikasana/craftguard/data/images/ikat/ikat_014.jpg
ikat_015.jpg,ikat,/Users/bhavinikasana/craftguard/data/images/ikat/ikat_015.jpg
ikat_016.jpg,ikat,/Users/bhavinikasana/craftguard/data/images/ikat/ikat_016.jpg
ikat_017.jpg,ikat,/Users/bhavinikasana/craftguard/data/images/ikat/ikat_017.jpg
ikat_018.jpg,ikat,/Users/bhavinikasana/craftguard/data/images/ikat/ikat_018.jpg
ikat_019.jpg,ikat,/Users/bhavinikasana/craftguard/data/images/ikat/ikat_019.jpg
ikat_020.jpg,ikat,/Users/bhavinikasana/craftguard/data/images/ikat/ikat_020.jpg
ikat_021.jpg,ikat,/Users/bhavinikasana/craftguard/data/images/ikat/ikat_021.jpg
ikat_022.jpg,ikat,/Users/bhavinikasana/craftguard/data/images/ikat/ikat_022.jpg
ikat_023.jpg,ikat,/Users/bhavinikasana/craftguard/data/images/ikat/ikat_023.jpg
ikat_024.jpg,ikat,/Users/bhavinikasana/craftguard/data/images/ikat/ikat_024.jpg
ikat_025.jpg,ikat,/Users/bhavinikasana/craftguard/data/images/ikat/ikat_025.jpg
ikat_026.jpg,ikat,/Users/bhavinikasana/craftguard/data/images/ikat/ikat_026.jpg
ikat_027.jpg,ikat,/Users/bhavinikasana/craftguard/data/images/ikat/ikat_027.jpg
ikat_028.jpg,ikat,/Users/bhavinikasana/craftguard/data/images/ikat/ikat_028.jpg
ikat_029.jpg,ikat,/Users/bhavinikasana/craftguard/data/images/ikat/ikat_029.jpg
ikat_030.jpg,ikat,/Users/bhavinikasana/craftguard/data/images/ikat/ikat_030.jpg
ikat_031.jpg,ikat,/Users/bhavinikasana/craftguard/data/images/ikat/ikat_031.jpg
ikat_032.jpg,ikat,/Users/bhavinikasana/craftguard/data/images/ikat/ikat_032.jpg
ikat_033.jpg,ikat,/Users/bhavinikasana/craftguard/data/images/ikat/ikat_033.jpg
ikat_034.jpg,ikat,/Users/bhavinikasana/craftguard/data/images/ikat/ikat_034.jpg
ikat_035.jpg,ikat,/Users/bhavinikasana/craftguard/data/images/ikat/ikat_035.jpg
ikat_036.jpg,ikat,/Users/bhavinikasana/craftguard/data/images/ikat/ikat_036.jpg
ikat_037.jpg,ikat,/Users/bhavinikasana/craftguard/data/images/ikat/ikat_037.jpg
ikat_038.jpg,ikat,/Users/bhavinikasana/craftguard/data/images/ikat/ikat_038.jpg
ikat_039.jpg,ikat,/Users/bhavinikasana/craftguard/data/images/ikat/ikat_039.jpg
ikat_040.jpg,ikat,/Users/bhavinikasana/craftguard/data/images/ikat/ikat_040.jpg
ikat_041.jpg,ikat,/Users/bhavinikasana/craftguard/data/images/ikat/ikat_041.jpg
ikat_042.jpg,ikat,/Users/bhavinikasana/craftguard/data/images/ikat/ikat_042.jpg
ikat_043.jpg,ikat,/Users/bhavinikasana/craftguard/data/images/ikat/ikat_043.jpg
ikat_044.jpg,ikat,/Users/bhavinikasana/craftguard/data/images/ikat/ikat_044.jpg
ikat_045.jpg,ikat,/Users/bhavinikasana/craftguard/data/images/ikat/ikat_045.jpg
ikat_046.jpg,ikat,/Users/bhavinikasana/craftguard/data/images/ikat/ikat_046.jpg
ikat_047.jpg,ikat,/Users/bhavinikasana/craftguard/data/images/ikat/ikat_047.jpg
ikat_048.jpg,ikat,/Users/bhavinikasana/craftguard/data/images/ikat/ikat_048.jpg
ikat_049.jpg,ikat,/Users/bhavinikasana/craftguard/data/images/ikat/ikat_049.jpg
ikat_050.jpg,ikat,/Users/bhavinikasana/craftguard/data/images/ikat/ikat_050.jpg
ikat_051.jpg,ikat,/Users/bhavinikasana/craftguard/data/images/ikat/ikat_051.jpg
ikat_052.jpg,ikat,/Users/bhavinikasana/craftguard/data/images/ikat/ikat_052.jpg
ikat_053.jpg,ikat,/Users/bhavinikasana/craftguard/data/images/ikat/ikat_053.jpg
ikat_054.jpg,ikat,/Users/bhavinikasana/craftguard/data/images/ikat/ikat_054.jpg
ikat_055.jpg,ikat,/Users/bhavinikasana/craftguard/data/images/ikat/ikat_055.jpg
ikat_056.jpg,ikat,/Users/bhavinikasana/craftguard/data/images/ikat/ikat_056.jpg
ikat_057.jpg,ikat,/Users/bhavinikasana/craftguard/data/images/ikat/ikat_057.jpg
ikat_058.jpg,ikat,/Users/bhavinikasana/craftguard/data/images/ikat/ikat_058.jpg
ikat_059.jpg,ikat,/Users/bhavinikasana/craftguard/data/images/ikat/ikat_059.jpg
ikat_060.jpg,ikat,/Users/bhavinikasana/craftguard/data/images/ikat/ikat_060.jpg
ikat_061.jpg,ikat,/Users/bhavinikasana/craftguard/data/images/ikat/ikat_061.jpg
ikat_062.jpg,ikat,/Users/bhavinikasana/craftguard/data/images/ikat/ikat_062.jpg
ikat_063.jpg,ikat,/Users/bhavinikasana/craftguard/data/images/ikat/ikat_063.jpg
ikat_064.jpg,ikat,/Users/bhavinikasana/craftguard/data/images/ikat/ikat_064.jpg
ikat_065.jpg,ikat,/Users/bhavinikasana/craftguard/data/images/ikat/ikat_065.jpg
ikat_066.jpg,ikat,/Users/bhavinikasana/craftguard/data/images/ikat/ikat_066.jpg
ikat_067.jpg,ikat,/Users/bhavinikasana/craftguard/data/images/ikat/ikat_067.jpg
ikat_068.jpg,ikat,/Users/bhavinikasana/craftguard/data/images/ikat/ikat_068.jpg
ikat_069.jpg,ikat,/Users/bhavinikasana/craftguard/data/images/ikat/ikat_069.jpg
ikat_070.jpg,ikat,/Users/bhavinikasana/craftguard/data/images/ikat/ikat_070.jpg
ikat_071.jpg,ikat,/Users/bhavinikasana/craftguard/data/images/ikat/ikat_071.jpg
ikat_072.jpg,ikat,/Users/bhavinikasana/craftguard/data/images/ikat/ikat_072.jpg
ikat_073.jpg,ikat,/Users/bhavinikasana/craftguard/data/images/ikat/ikat_073.jpg
ikat_074.jpg,ikat,/Users/bhavinikasana/craftguard/data/images/ikat/ikat_074.jpg
ikat_075.jpg,ikat,/Users/bhavinikasana/craftguard/data/images/ikat/ikat_075.jpg
ikat_076.jpg,ikat,/Users/bhavinikasana/craftguard/data/images/ikat/ikat_076.jpg
ikat_077.jpg,ikat,/Users/bhavinikasana/craftguard/data/images/ikat/ikat_077.jpg
ikat_078.jpg,ikat,/Users/bhavinikasana/craftguard/data/images/ikat/ikat_078.jpg
ikat_079.jpg,ikat,/Users/bhavinikasana/craftguard/data/images/ikat/ikat_079.jpg
ikat_080.jpg,ikat,/Users/bhavinikasana/craftguard/data/images/ikat/ikat_080.jpg
ikat_081.jpg,ikat,/Users/bhavinikasana/craftguard/data/images/ikat/ikat_081.jpg
ikat_082.jpg,ikat,/Users/bhavinikasana/craftguard/data/images/ikat/ikat_082.jpg
ikat_083.jpg,ikat,/Users/bhavinikasana/craftguard/data/images/ikat/ikat_083.jpg
ikat_084.jpg,ikat,/Users/bhavinikasana/craftguard/data/images/ikat/ikat_084.jpg
phulkari_000.jpg,phulkari,/Users/bhavinikasana/craftguard/data/images/phulkari/phulkari_000.jpg
phulkari_001.jpg,phulkari,/Users/bhavinikasana/craftguard/data/images/phulkari/phulkari_001.jpg
phulkari_002.jpg,phulkari,/Users/bhavinikasana/craftguard/data/images/phulkari/phulkari_002.jpg
phulkari_003.jpg,phulkari,/Users/bhavinikasana/craftguard/data/images/phulkari/phulkari_003.jpg
phulkari_004.jpg,phulkari,/Users/bhavinikasana/craftguard/data/images/phulkari/phulkari_004.jpg
phulkari_005.jpg,phulkari,/Users/bhavinikasana/craftguard/data/images/phulkari/phulkari_005.jpg
phulkari_006.jpg,phulkari,/Users/bhavinikasana/craftguard/data/images/phulkari/phulkari_006.jpg
phulkari_007.jpg,phulkari,/Users/bhavinikasana/craftguard/data/images/phulkari/phulkari_007.jpg
phulkari_008.jpg,phulkari,/Users/bhavinikasana/craftguard/data/images/phulkari/phulkari_008.jpg
phulkari_009.jpg,phulkari,/Users/bhavinikasana/craftguard/data/images/phulkari/phulkari_009.jpg
phulkari_010.jpg,phulkari,/Users/bhavinikasana/craftguard/data/images/phulkari/phulkari_010.jpg
phulkari_011.jpg,phulkari,/Users/bhavinikasana/craftguard/data/images/phulkari/phulkari_011.jpg
phulkari_012.jpg,phulkari,/Users/bhavinikasana/craftguard/data/images/phulkari/phulkari_012.jpg
phulkari_013.jpg,phulkari,/Users/bhavinikasana/craftguard/data/images/phulkari/phulkari_013.jpg
phulkari_014.jpg,phulkari,/Users/bhavinikasana/craftguard/data/images/phulkari/phulkari_014.jpg
phulkari_015.jpg,phulkari,/Users/bhavinikasana/craftguard/data/images/phulkari/phulkari_015.jpg
phulkari_016.jpg,phulkari,/Users/bhavinikasana/craftguard/data/images/phulkari/phulkari_016.jpg
phulkari_017.jpg,phulkari,/Users/bhavinikasana/craftguard/data/images/phulkari/phulkari_017.jpg
phulkari_018.jpg,phulkari,/Users/bhavinikasana/craftguard/data/images/phulkari/phulkari_018.jpg
phulkari_019.jpg,phulkari,/Users/bhavinikasana/craftguard/data/images/phulkari/phulkari_019.jpg
phulkari_020.jpg,phulkari,/Users/bhavinikasana/craftguard/data/images/phulkari/phulkari_020.jpg
phulkari_021.jpg,phulkari,/Users/bhavinikasana/craftguard/data/images/phulkari/phulkari_021.jpg
phulkari_022.jpg,phulkari,/Users/bhavinikasana/craftguard/data/images/phulkari/phulkari_022.jpg
phulkari_023.jpg,phulkari,/Users/bhavinikasana/craftguard/data/images/phulkari/phulkari_023.jpg
phulkari_024.jpg,phulkari,/Users/bhavinikasana/craftguard/data/images/phulkari/phulkari_024.jpg
phulkari_025.jpg,phulkari,/Users/bhavinikasana/craftguard/data/images/phulkari/phulkari_025.jpg
phulkari_026.jpg,phulkari,/Users/bhavinikasana/craftguard/data/images/phulkari/phulkari_026.jpg
phulkari_027.jpg,phulkari,/Users/bhavinikasana/craftguard/data/images/phulkari/phulkari_027.jpg
phulkari_028.jpg,phulkari,/Users/bhavinikasana/craftguard/data/images/phulkari/phulkari_028.jpg
phulkari_029.jpg,phulkari,/Users/bhavinikasana/craftguard/data/images/phulkari/phulkari_029.jpg
phulkari_030.jpg,phulkari,/Users/bhavinikasana/craftguard/data/images/phulkari/phulkari_030.jpg
phulkari_031.jpg,phulkari,/Users/bhavinikasana/craftguard/data/images/phulkari/phulkari_031.jpg
phulkari_032.jpg,phulkari,/Users/bhavinikasana/craftguard/data/images/phulkari/phulkari_032.jpg
phulkari_033.jpg,phulkari,/Users/bhavinikasana/craftguard/data/images/phulkari/phulkari_033.jpg
phulkari_034.jpg,phulkari,/Users/bhavinikasana/craftguard/data/images/phulkari/phulkari_034.jpg
phulkari_035.jpg,phulkari,/Users/bhavinikasana/craftguard/data/images/phulkari/phulkari_035.jpg
phulkari_036.jpg,phulkari,/Users/bhavinikasana/craftguard/data/images/phulkari/phulkari_036.jpg
phulkari_037.jpg,phulkari,/Users/bhavinikasana/craftguard/data/images/phulkari/phulkari_037.jpg
phulkari_038.jpg,phulkari,/Users/bhavinikasana/craftguard/data/images/phulkari/phulkari_038.jpg
phulkari_039.jpg,phulkari,/Users/bhavinikasana/craftguard/data/images/phulkari/phulkari_039.jpg
phulkari_040.jpg,phulkari,/Users/bhavinikasana/craftguard/data/images/phulkari/phulkari_040.jpg
phulkari_041.jpg,phulkari,/Users/bhavinikasana/craftguard/data/images/phulkari/phulkari_041.jpg
phulkari_042.jpg,phulkari,/Users/bhavinikasana/craftguard/data/images/phulkari/phulkari_042.jpg
phulkari_043.jpg,phulkari,/Users/bhavinikasana/craftguard/data/images/phulkari/phulkari_043.jpg
phulkari_044.jpg,phulkari,/Users/bhavinikasana/craftguard/data/images/phulkari/phulkari_044.jpg
phulkari_045.jpg,phulkari,/Users/bhavinikasana/craftguard/data/images/phulkari/phulkari_045.jpg
phulkari_046.jpg,phulkari,/Users/bhavinikasana/craftguard/data/images/phulkari/phulkari_046.jpg
phulkari_047.jpg,phulkari,/Users/bhavinikasana/craftguard/data/images/phulkari/phulkari_047.jpg
phulkari_048.jpg,phulkari,/Users/bhavinikasana/craftguard/data/images/phulkari/phulkari_048.jpg
phulkari_049.jpg,phulkari,/Users/bhavinikasana/craftguard/data/images/phulkari/phulkari_049.jpg
phulkari_050.jpg,phulkari,/Users/bhavinikasana/craftguard/data/images/phulkari/phulkari_050.jpg
phulkari_051.jpg,phulkari,/Users/bhavinikasana/craftguard/data/images/phulkari/phulkari_051.jpg
phulkari_052.jpg,phulkari,/Users/bhavinikasana/craftguard/data/images/phulkari/phulkari_052.jpg
phulkari_053.jpg,phulkari,/Users/bhavinikasana/craftguard/data/images/phulkari/phulkari_053.jpg
phulkari_054.jpg,phulkari,/Users/bhavinikasana/craftguard/data/images/phulkari/phulkari_054.jpg
phulkari_055.jpg,phulkari,/Users/bhavinikasana/craftguard/data/images/phulkari/phulkari_055.jpg
phulkari_056.jpg,phulkari,/Users/bhavinikasana/craftguard/data/images/phulkari/phulkari_056.jpg
phulkari_057.jpg,phulkari,/Users/bhavinikasana/craftguard/data/images/phulkari/phulkari_057.jpg
phulkari_058.jpg,phulkari,/Users/bhavinikasana/craftguard/data/images/phulkari/phulkari_058.jpg
phulkari_059.jpg,phulkari,/Users/bhavinikasana/craftguard/data/images/phulkari/phulkari_059.jpg
phulkari_060.jpg,phulkari,/Users/bhavinikasana/craftguard/data/images/phulkari/phulkari_060.jpg
phulkari_061.jpg,phulkari,/Users/bhavinikasana/craftguard/data/images/phulkari/phulkari_061.jpg
phulkari_062.jpg,phulkari,/Users/bhavinikasana/craftguard/data/images/phulkari/phulkari_062.jpg
phulkari_063.jpg,phulkari,/Users/bhavinikasana/craftguard/data/images/phulkari/phulkari_063.jpg
phulkari_064.jpg,phulkari,/Users/bhavinikasana/craftguard/data/images/phulkari/phulkari_064.jpg
phulkari_065.jpg,phulkari,/Users/bhavinikasana/craftguard/data/images/phulkari/phulkari_065.jpg
phulkari_066.jpg,phulkari,/Users/bhavinikasana/craftguard/data/images/phulkari/phulkari_066.jpg
phulkari_067.jpg,phulkari,/Users/bhavinikasana/craftguard/data/images/phulkari/phulkari_067.jpg
phulkari_068.jpg,phulkari,/Users/bhavinikasana/craftguard/data/images/phulkari/phulkari_068.jpg
phulkari_069.jpg,phulkari,/Users/bhavinikasana/craftguard/data/images/phulkari/phulkari_069.jpg
phulkari_070.jpg,phulkari,/Users/bhavinikasana/craftguard/data/images/phulkari/phulkari_070.jpg
phulkari_071.jpg,phulkari,/Users/bhavinikasana/craftguard/data/images/phulkari/phulkari_071.jpg
phulkari_072.jpg,phulkari,/Users/bhavinikasana/craftguard/data/images/phulkari/phulkari_072.jpg
phulkari_073.jpg,phulkari,/Users/bhavinikasana/craftguard/data/images/phulkari/phulkari_073.jpg
phulkari_074.jpg,phulkari,/Users/bhavinikasana/craftguard/data/images/phulkari/phulkari_074.jpg
phulkari_075.jpg,phulkari,/Users/bhavinikasana/craftguard/data/images/phulkari/phulkari_075.jpg
phulkari_076.jpg,phulkari,/Users/bhavinikasana/craftguard/data/images/phulkari/phulkari_076.jpg
phulkari_077.jpg,phulkari,/Users/bhavinikasana/craftguard/data/images/phulkari/phulkari_077.jpg
phulkari_078.jpg,phulkari,/Users/bhavinikasana/craftguard/data/images/phulkari/phulkari_078.jpg
phulkari_079.jpg,phulkari,/Users/bhavinikasana/craftguard/data/images/phulkari/phulkari_079.jpg
phulkari_080.jpg,phulkari,/Users/bhavinikasana/craftguard/data/images/phulkari/phulkari_080.jpg
phulkari_081.jpg,phulkari,/Users/bhavinikasana/craftguard/data/images/phulkari/phulkari_081.jpg
phulkari_082.jpg,phulkari,/Users/bhavinikasana/craftguard/data/images/phulkari/phulkari_082.jpg
phulkari_083.jpg,phulkari,/Users/bhavinikasana/craftguard/data/images/phulkari/phulkari_083.jpg
phulkari_084.jpg,phulkari,/Users/bhavinikasana/craftguard/data/images/phulkari/phulkari_084.jpg
phulkari_085.jpg,phulkari,/Users/bhavinikasana/craftguard/data/images/phulkari/phulkari_085.jpg
phulkari_086.jpg,phulkari,/Users/bhavinikasana/craftguard/data/images/phulkari/phulkari_086.jpg
phulkari_087.jpg,phulkari,/Users/bhavinikasana/craftguard/data/images/phulkari/phulkari_087.jpg
phulkari_088.jpg,phulkari,/Users/bhavinikasana/craftguard/data/images/phulkari/phulkari_088.jpg
phulkari_089.jpg,phulkari,/Users/bhavinikasana/craftguard/data/images/phulkari/phulkari_089.jpg
phulkari_090.jpg,phulkari,/Users/bhavinikasana/craftguard/data/images/phulkari/phulkari_090.jpg
phulkari_091.jpg,phulkari,/Users/bhavinikasana/craftguard/data/images/phulkari/phulkari_091.jpg
phulkari_092.jpg,phulkari,/Users/bhavinikasana/craftguard/data/images/phulkari/phulkari_092.jpg
phulkari_093.jpg,phulkari,/Users/bhavinikasana/craftguard/data/images/phulkari/phulkari_093.jpg
phulkari_094.jpg,phulkari,/Users/bhavinikasana/craftguard/data/images/phulkari/phulkari_094.jpg
phulkari_095.jpg,phulkari,/Users/bhavinikasana/craftguard/data/images/phulkari/phulkari_095.jpg
phulkari_096.jpg,phulkari,/Users/bhavinikasana/craftguard/data/images/phulkari/phulkari_096.jpg
phulkari_097.jpg,phulkari,/Users/bhavinikasana/craftguard/data/images/phulkari/phulkari_097.jpg
phulkari_098.jpg,phulkari,/Users/bhavinikasana/craftguard/data/images/phulkari/phulkari_098.jpg
chanderi_000.jpg,chanderi,/Users/bhavinikasana/craftguard/data/images/chanderi/chanderi_000.jpg
chanderi_001.jpg,chanderi,/Users/bhavinikasana/craftguard/data/images/chanderi/chanderi_001.jpg
chanderi_002.jpg,chanderi,/Users/bhavinikasana/craftguard/data/images/chanderi/chanderi_002.jpg
chanderi_003.jpg,chanderi,/Users/bhavinikasana/craftguard/data/images/chanderi/chanderi_003.jpg
chanderi_004.jpg,chanderi,/Users/bhavinikasana/craftguard/data/images/chanderi/chanderi_004.jpg
chanderi_005.jpg,chanderi,/Users/bhavinikasana/craftguard/data/images/chanderi/chanderi_005.jpg
chanderi_006.jpg,chanderi,/Users/bhavinikasana/craftguard/data/images/chanderi/chanderi_006.jpg
chanderi_007.jpg,chanderi,/Users/bhavinikasana/craftguard/data/images/chanderi/chanderi_007.jpg
chanderi_008.jpg,chanderi,/Users/bhavinikasana/craftguard/data/images/chanderi/chanderi_008.jpg
chanderi_009.jpg,chanderi,/Users/bhavinikasana/craftguard/data/images/chanderi/chanderi_009.jpg
chanderi_010.jpg,chanderi,/Users/bhavinikasana/craftguard/data/images/chanderi/chanderi_010.jpg
chanderi_011.jpg,chanderi,/Users/bhavinikasana/craftguard/data/images/chanderi/chanderi_011.jpg
chanderi_012.jpg,chanderi,/Users/bhavinikasana/craftguard/data/images/chanderi/chanderi_012.jpg
chanderi_013.jpg,chanderi,/Users/bhavinikasana/craftguard/data/images/chanderi/chanderi_013.jpg
chanderi_014.jpg,chanderi,/Users/bhavinikasana/craftguard/data/images/chanderi/chanderi_014.jpg
chanderi_015.jpg,chanderi,/Users/bhavinikasana/craftguard/data/images/chanderi/chanderi_015.jpg
chanderi_016.jpg,chanderi,/Users/bhavinikasana/craftguard/data/images/chanderi/chanderi_016.jpg
chanderi_017.jpg,chanderi,/Users/bhavinikasana/craftguard/data/images/chanderi/chanderi_017.jpg
chanderi_018.jpg,chanderi,/Users/bhavinikasana/craftguard/data/images/chanderi/chanderi_018.jpg
chanderi_019.jpg,chanderi,/Users/bhavinikasana/craftguard/data/images/chanderi/chanderi_019.jpg
chanderi_020.jpg,chanderi,/Users/bhavinikasana/craftguard/data/images/chanderi/chanderi_020.jpg
chanderi_021.jpg,chanderi,/Users/bhavinikasana/craftguard/data/images/chanderi/chanderi_021.jpg
chanderi_022.jpg,chanderi,/Users/bhavinikasana/craftguard/data/images/chanderi/chanderi_022.jpg
chanderi_023.jpg,chanderi,/Users/bhavinikasana/craftguard/data/images/chanderi/chanderi_023.jpg
chanderi_024.jpg,chanderi,/Users/bhavinikasana/craftguard/data/images/chanderi/chanderi_024.jpg
chanderi_025.jpg,chanderi,/Users/bhavinikasana/craftguard/data/images/chanderi/chanderi_025.jpg
chanderi_026.jpg,chanderi,/Users/bhavinikasana/craftguard/data/images/chanderi/chanderi_026.jpg
chanderi_027.jpg,chanderi,/Users/bhavinikasana/craftguard/data/images/chanderi/chanderi_027.jpg
chanderi_028.jpg,chanderi,/Users/bhavinikasana/craftguard/data/images/chanderi/chanderi_028.jpg
chanderi_029.jpg,chanderi,/Users/bhavinikasana/craftguard/data/images/chanderi/chanderi_029.jpg
chanderi_030.jpg,chanderi,/Users/bhavinikasana/craftguard/data/images/chanderi/chanderi_030.jpg
chanderi_031.jpg,chanderi,/Users/bhavinikasana/craftguard/data/images/chanderi/chanderi_031.jpg
chanderi_032.jpg,chanderi,/Users/bhavinikasana/craftguard/data/images/chanderi/chanderi_032.jpg
chanderi_033.jpg,chanderi,/Users/bhavinikasana/craftguard/data/images/chanderi/chanderi_033.jpg
chanderi_034.jpg,chanderi,/Users/bhavinikasana/craftguard/data/images/chanderi/chanderi_034.jpg
chanderi_035.jpg,chanderi,/Users/bhavinikasana/craftguard/data/images/chanderi/chanderi_035.jpg
chanderi_036.jpg,chanderi,/Users/bhavinikasana/craftguard/data/images/chanderi/chanderi_036.jpg
chanderi_037.jpg,chanderi,/Users/bhavinikasana/craftguard/data/images/chanderi/chanderi_037.jpg
chanderi_038.jpg,chanderi,/Users/bhavinikasana/craftguard/data/images/chanderi/chanderi_038.jpg
chanderi_039.jpg,chanderi,/Users/bhavinikasana/craftguard/data/images/chanderi/chanderi_039.jpg
chanderi_040.jpg,chanderi,/Users/bhavinikasana/craftguard/data/images/chanderi/chanderi_040.jpg
chanderi_041.jpg,chanderi,/Users/bhavinikasana/craftguard/data/images/chanderi/chanderi_041.jpg
chanderi_042.jpg,chanderi,/Users/bhavinikasana/craftguard/data/images/chanderi/chanderi_042.jpg
chanderi_043.jpg,chanderi,/Users/bhavinikasana/craftguard/data/images/chanderi/chanderi_043.jpg
chanderi_044.jpg,chanderi,/Users/bhavinikasana/craftguard/data/images/chanderi/chanderi_044.jpg
chanderi_045.jpg,chanderi,/Users/bhavinikasana/craftguard/data/images/chanderi/chanderi_045.jpg
chanderi_046.jpg,chanderi,/Users/bhavinikasana/craftguard/data/images/chanderi/chanderi_046.jpg
chanderi_047.jpg,chanderi,/Users/bhavinikasana/craftguard/data/images/chanderi/chanderi_047.jpg
chanderi_048.jpg,chanderi,/Users/bhavinikasana/craftguard/data/images/chanderi/chanderi_048.jpg
chanderi_049.jpg,chanderi,/Users/bhavinikasana/craftguard/data/images/chanderi/chanderi_049.jpg
chanderi_050.jpg,chanderi,/Users/bhavinikasana/craftguard/data/images/chanderi/chanderi_050.jpg
chanderi_051.jpg,chanderi,/Users/bhavinikasana/craftguard/data/images/chanderi/chanderi_051.jpg
chanderi_052.jpg,chanderi,/Users/bhavinikasana/craftguard/data/images/chanderi/chanderi_052.jpg
chanderi_053.jpg,chanderi,/Users/bhavinikasana/craftguard/data/images/chanderi/chanderi_053.jpg
chanderi_054.jpg,chanderi,/Users/bhavinikasana/craftguard/data/images/chanderi/chanderi_054.jpg
chanderi_055.jpg,chanderi,/Users/bhavinikasana/craftguard/data/images/chanderi/chanderi_055.jpg
chanderi_056.jpg,chanderi,/Users/bhavinikasana/craftguard/data/images/chanderi/chanderi_056.jpg
chanderi_057.jpg,chanderi,/Users/bhavinikasana/craftguard/data/images/chanderi/chanderi_057.jpg
chanderi_058.jpg,chanderi,/Users/bhavinikasana/craftguard/data/images/chanderi/chanderi_058.jpg
chanderi_059.jpg,chanderi,/Users/bhavinikasana/craftguard/data/images/chanderi/chanderi_059.jpg
chanderi_060.jpg,chanderi,/Users/bhavinikasana/craftguard/data/images/chanderi/chanderi_060.jpg
chanderi_061.jpg,chanderi,/Users/bhavinikasana/craftguard/data/images/chanderi/chanderi_061.jpg
chanderi_062.jpg,chanderi,/Users/bhavinikasana/craftguard/data/images/chanderi/chanderi_062.jpg
chanderi_063.jpg,chanderi,/Users/bhavinikasana/craftguard/data/images/chanderi/chanderi_063.jpg
chanderi_064.jpg,chanderi,/Users/bhavinikasana/craftguard/data/images/chanderi/chanderi_064.jpg
chanderi_065.jpg,chanderi,/Users/bhavinikasana/craftguard/data/images/chanderi/chanderi_065.jpg
chanderi_066.jpg,chanderi,/Users/bhavinikasana/craftguard/data/images/chanderi/chanderi_066.jpg
chanderi_067.jpg,chanderi,/Users/bhavinikasana/craftguard/data/images/chanderi/chanderi_067.jpg
chanderi_068.jpg,chanderi,/Users/bhavinikasana/craftguard/data/images/chanderi/chanderi_068.jpg
chanderi_069.jpg,chanderi,/Users/bhavinikasana/craftguard/data/images/chanderi/chanderi_069.jpg
chanderi_070.jpg,chanderi,/Users/bhavinikasana/craftguard/data/images/chanderi/chanderi_070.jpg
chanderi_071.jpg,chanderi,/Users/bhavinikasana/craftguard/data/images/chanderi/chanderi_071.jpg
chanderi_072.jpg,chanderi,/Users/bhavinikasana/craftguard/data/images/chanderi/chanderi_072.jpg
chanderi_073.jpg,chanderi,/Users/bhavinikasana/craftguard/data/images/chanderi/chanderi_073.jpg
chanderi_074.jpg,chanderi,/Users/bhavinikasana/craftguard/data/images/chanderi/chanderi_074.jpg
chanderi_075.jpg,chanderi,/Users/bhavinikasana/craftguard/data/images/chanderi/chanderi_075.jpg
chanderi_076.jpg,chanderi,/Users/bhavinikasana/craftguard/data/images/chanderi/chanderi_076.jpg
chanderi_077.jpg,chanderi,/Users/bhavinikasana/craftguard/data/images/chanderi/chanderi_077.jpg
chanderi_078.jpg,chanderi,/Users/bhavinikasana/craftguard/data/images/chanderi/chanderi_078.jpg
chanderi_079.jpg,chanderi,/Users/bhavinikasana/craftguard/data/images/chanderi/chanderi_079.jpg
chanderi_080.jpg,chanderi,/Users/bhavinikasana/craftguard/data/images/chanderi/chanderi_080.jpg
chanderi_081.jpg,chanderi,/Users/bhavinikasana/craftguard/data/images/chanderi/chanderi_081.jpg
chanderi_082.jpg,chanderi,/Users/bhavinikasana/craftguard/data/images/chanderi/chanderi_082.jpg
chanderi_083.jpg,chanderi,/Users/bhavinikasana/craftguard/data/images/chanderi/chanderi_083.jpg
chanderi_084.jpg,chanderi,/Users/bhavinikasana/craftguard/data/images/chanderi/chanderi_084.jpg
chanderi_085.jpg,chanderi,/Users/bhavinikasana/craftguard/data/images/chanderi/chanderi_085.jpg
leheriya_000.jpg,leheriya,/Users/bhavinikasana/craftguard/data/images/leheriya/leheriya_000.jpg
leheriya_001.jpg,leheriya,/Users/bhavinikasana/craftguard/data/images/leheriya/leheriya_001.jpg
leheriya_002.jpg,leheriya,/Users/bhavinikasana/craftguard/data/images/leheriya/leheriya_002.jpg
leheriya_003.jpg,leheriya,/Users/bhavinikasana/craftguard/data/images/leheriya/leheriya_003.jpg
leheriya_004.jpg,leheriya,/Users/bhavinikasana/craftguard/data/images/leheriya/leheriya_004.jpg
leheriya_005.jpg,leheriya,/Users/bhavinikasana/craftguard/data/images/leheriya/leheriya_005.jpg
leheriya_006.jpg,leheriya,/Users/bhavinikasana/craftguard/data/images/leheriya/leheriya_006.jpg
leheriya_007.jpg,leheriya,/Users/bhavinikasana/craftguard/data/images/leheriya/leheriya_007.jpg
leheriya_008.jpg,leheriya,/Users/bhavinikasana/craftguard/data/images/leheriya/leheriya_008.jpg
leheriya_009.jpg,leheriya,/Users/bhavinikasana/craftguard/data/images/leheriya/leheriya_009.jpg
leheriya_010.jpg,leheriya,/Users/bhavinikasana/craftguard/data/images/leheriya/leheriya_010.jpg
leheriya_011.jpg,leheriya,/Users/bhavinikasana/craftguard/data/images/leheriya/leheriya_011.jpg
leheriya_012.jpg,leheriya,/Users/bhavinikasana/craftguard/data/images/leheriya/leheriya_012.jpg
leheriya_013.jpg,leheriya,/Users/bhavinikasana/craftguard/data/images/leheriya/leheriya_013.jpg
leheriya_014.jpg,leheriya,/Users/bhavinikasana/craftguard/data/images/leheriya/leheriya_014.jpg
leheriya_015.jpg,leheriya,/Users/bhavinikasana/craftguard/data/images/leheriya/leheriya_015.jpg
leheriya_016.jpg,leheriya,/Users/bhavinikasana/craftguard/data/images/leheriya/leheriya_016.jpg
leheriya_017.jpg,leheriya,/Users/bhavinikasana/craftguard/data/images/leheriya/leheriya_017.jpg
leheriya_018.jpg,leheriya,/Users/bhavinikasana/craftguard/data/images/leheriya/leheriya_018.jpg
leheriya_019.jpg,leheriya,/Users/bhavinikasana/craftguard/data/images/leheriya/leheriya_019.jpg
leheriya_020.jpg,leheriya,/Users/bhavinikasana/craftguard/data/images/leheriya/leheriya_020.jpg
leheriya_021.jpg,leheriya,/Users/bhavinikasana/craftguard/data/images/leheriya/leheriya_021.jpg
leheriya_022.jpg,leheriya,/Users/bhavinikasana/craftguard/data/images/leheriya/leheriya_022.jpg
leheriya_023.jpg,leheriya,/Users/bhavinikasana/craftguard/data/images/leheriya/leheriya_023.jpg
leheriya_024.jpg,leheriya,/Users/bhavinikasana/craftguard/data/images/leheriya/leheriya_024.jpg
leheriya_025.jpg,leheriya,/Users/bhavinikasana/craftguard/data/images/leheriya/leheriya_025.jpg
leheriya_026.jpg,leheriya,/Users/bhavinikasana/craftguard/data/images/leheriya/leheriya_026.jpg
leheriya_027.jpg,leheriya,/Users/bhavinikasana/craftguard/data/images/leheriya/leheriya_027.jpg
leheriya_028.jpg,leheriya,/Users/bhavinikasana/craftguard/data/images/leheriya/leheriya_028.jpg
leheriya_029.jpg,leheriya,/Users/bhavinikasana/craftguard/data/images/leheriya/leheriya_029.jpg
leheriya_030.jpg,leheriya,/Users/bhavinikasana/craftguard/data/images/leheriya/leheriya_030.jpg
leheriya_031.jpg,leheriya,/Users/bhavinikasana/craftguard/data/images/leheriya/leheriya_031.jpg
leheriya_032.jpg,leheriya,/Users/bhavinikasana/craftguard/data/images/leheriya/leheriya_032.jpg
leheriya_033.jpg,leheriya,/Users/bhavinikasana/craftguard/data/images/leheriya/leheriya_033.jpg
leheriya_034.jpg,leheriya,/Users/bhavinikasana/craftguard/data/images/leheriya/leheriya_034.jpg
leheriya_035.jpg,leheriya,/Users/bhavinikasana/craftguard/data/images/leheriya/leheriya_035.jpg
leheriya_036.jpg,leheriya,/Users/bhavinikasana/craftguard/data/images/leheriya/leheriya_036.jpg
leheriya_037.jpg,leheriya,/Users/bhavinikasana/craftguard/data/images/leheriya/leheriya_037.jpg
leheriya_038.jpg,leheriya,/Users/bhavinikasana/craftguard/data/images/leheriya/leheriya_038.jpg
leheriya_039.jpg,leheriya,/Users/bhavinikasana/craftguard/data/images/leheriya/leheriya_039.jpg
leheriya_040.jpg,leheriya,/Users/bhavinikasana/craftguard/data/images/leheriya/leheriya_040.jpg
leheriya_041.jpg,leheriya,/Users/bhavinikasana/craftguard/data/images/leheriya/leheriya_041.jpg
leheriya_042.jpg,leheriya,/Users/bhavinikasana/craftguard/data/images/leheriya/leheriya_042.jpg
leheriya_043.jpg,leheriya,/Users/bhavinikasana/craftguard/data/images/leheriya/leheriya_043.jpg
leheriya_044.jpg,leheriya,/Users/bhavinikasana/craftguard/data/images/leheriya/leheriya_044.jpg
leheriya_045.jpg,leheriya,/Users/bhavinikasana/craftguard/data/images/leheriya/leheriya_045.jpg
leheriya_046.jpg,leheriya,/Users/bhavinikasana/craftguard/data/images/leheriya/leheriya_046.jpg
leheriya_047.jpg,leheriya,/Users/bhavinikasana/craftguard/data/images/leheriya/leheriya_047.jpg
leheriya_048.jpg,leheriya,/Users/bhavinikasana/craftguard/data/images/leheriya/leheriya_048.jpg
leheriya_049.jpg,leheriya,/Users/bhavinikasana/craftguard/data/images/leheriya/leheriya_049.jpg
leheriya_050.jpg,leheriya,/Users/bhavinikasana/craftguard/data/images/leheriya/leheriya_050.jpg
leheriya_051.jpg,leheriya,/Users/bhavinikasana/craftguard/data/images/leheriya/leheriya_051.jpg
leheriya_052.jpg,leheriya,/Users/bhavinikasana/craftguard/data/images/leheriya/leheriya_052.jpg
leheriya_053.jpg,leheriya,/Users/bhavinikasana/craftguard/data/images/leheriya/leheriya_053.jpg
leheriya_054.jpg,leheriya,/Users/bhavinikasana/craftguard/data/images/leheriya/leheriya_054.jpg
leheriya_055.jpg,leheriya,/Users/bhavinikasana/craftguard/data/images/leheriya/leheriya_055.jpg
leheriya_056.jpg,leheriya,/Users/bhavinikasana/craftguard/data/images/leheriya/leheriya_056.jpg
leheriya_057.jpg,leheriya,/Users/bhavinikasana/craftguard/data/images/leheriya/leheriya_057.jpg
leheriya_058.jpg,leheriya,/Users/bhavinikasana/craftguard/data/images/leheriya/leheriya_058.jpg
leheriya_059.jpg,leheriya,/Users/bhavinikasana/craftguard/data/images/leheriya/leheriya_059.jpg
leheriya_060.jpg,leheriya,/Users/bhavinikasana/craftguard/data/images/leheriya/leheriya_060.jpg
leheriya_061.jpg,leheriya,/Users/bhavinikasana/craftguard/data/images/leheriya/leheriya_061.jpg
leheriya_062.jpg,leheriya,/Users/bhavinikasana/craftguard/data/images/leheriya/leheriya_062.jpg
leheriya_063.jpg,leheriya,/Users/bhavinikasana/craftguard/data/images/leheriya/leheriya_063.jpg
leheriya_064.jpg,leheriya,/Users/bhavinikasana/craftguard/data/images/leheriya/leheriya_064.jpg
leheriya_065.jpg,leheriya,/Users/bhavinikasana/craftguard/data/images/leheriya/leheriya_065.jpg
leheriya_066.jpg,leheriya,/Users/bhavinikasana/craftguard/data/images/leheriya/leheriya_066.jpg
leheriya_067.jpg,leheriya,/Users/bhavinikasana/craftguard/data/images/leheriya/leheriya_067.jpg
leheriya_068.jpg,leheriya,/Users/bhavinikasana/craftguard/data/images/leheriya/leheriya_068.jpg
leheriya_069.jpg,leheriya,/Users/bhavinikasana/craftguard/data/images/leheriya/leheriya_069.jpg
leheriya_070.jpg,leheriya,/Users/bhavinikasana/craftguard/data/images/leheriya/leheriya_070.jpg
leheriya_071.jpg,leheriya,/Users/bhavinikasana/craftguard/data/images/leheriya/leheriya_071.jpg
leheriya_072.jpg,leheriya,/Users/bhavinikasana/craftguard/data/images/leheriya/leheriya_072.jpg
leheriya_073.jpg,leheriya,/Users/bhavinikasana/craftguard/data/images/leheriya/leheriya_073.jpg
